,Bus_name,Bus_type,Start_time,End_time,Total_duration,Price,Seats_Available,Ratings,Route_link,Route_name
0,RSRTC - 174533,Express Non AC Seater 2+3,08:45,16:00,07h 15m,INR 299,42 Seats available,4.2,https://www.redbus.in/bus-tickets/udaipur-to-jodhpur,Udaipur to Jodhpur
1,RSRTC - 188347,Super Luxury Volvo AC Seater Pushback 2+2,11:30,16:30,05h 00m,INR 602,8 Seats available,"4.2
187",https://www.redbus.in/bus-tickets/udaipur-to-jodhpur,Udaipur to Jodhpur
2,RSRTC - 190115,Express Non AC Seater 2+3,12:00,19:30,07h 30m,INR 294,41 Seats available,4.2,https://www.redbus.in/bus-tickets/udaipur-to-jodhpur,Udaipur to Jodhpur
3,RSRTC - 169076,Express Non AC Seater 2+3,12:10,00:00,11h 50m,INR 299,42 Seats available,4.2,https://www.redbus.in/bus-tickets/udaipur-to-jodhpur,Udaipur to Jodhpur
4,RSRTC - 184043,Express Non AC Seater 2+3,12:45,19:00,06h 15m,INR 299,42 Seats available,4.2,https://www.redbus.in/bus-tickets/udaipur-to-jodhpur,Udaipur to Jodhpur
5,RSRTC - 183203,Express Non AC Seater 2+3,13:30,19:30,06h 00m,INR 299,42 Seats available,4.2,https://www.redbus.in/bus-tickets/udaipur-to-jodhpur,Udaipur to Jodhpur
6,RSRTC - 183141,Express Non AC Seater 2+3,14:35,21:00,06h 25m,INR 294,41 Seats available,"1.2
4",https://www.redbus.in/bus-tickets/udaipur-to-jodhpur,Udaipur to Jodhpur
7,RSRTC - 192831,Express Non AC Seater 2+3,15:00,21:00,06h 00m,INR 285,42 Seats available,4.2,https://www.redbus.in/bus-tickets/udaipur-to-jodhpur,Udaipur to Jodhpur
8,RSRTC - 157454,Super Luxury Volvo AC Seater Pushback 2+2,16:00,21:00,05h 00m,INR 602,14 Seats available,"4.1
144",https://www.redbus.in/bus-tickets/udaipur-to-jodhpur,Udaipur to Jodhpur
9,RSRTC - 193271,Express Non AC Seater 2+3,19:30,02:00,06h 30m,INR 294,41 Seats available,4.2,https://www.redbus.in/bus-tickets/udaipur-to-jodhpur,Udaipur to Jodhpur
10,RSRTC - 189622,Express Non AC Seater 2+3,22:00,05:00,07h 00m,INR 294,42 Seats available,"3.5
7",https://www.redbus.in/bus-tickets/udaipur-to-jodhpur,Udaipur to Jodhpur
11,Shree Devnarayan Travels,Bharat Benz A/C Seater (2+1),17:00,21:30,04h 30m,INR 550,19 Seats available,"4.5
286",https://www.redbus.in/bus-tickets/udaipur-to-jodhpur,Udaipur to Jodhpur
12,M R Travels,Volvo Multi-Axle I-Shift B11R Semi Sleeper (2+2),17:10,21:55,04h 45m,INR 600,43 Seats available,"4.4
418",https://www.redbus.in/bus-tickets/udaipur-to-jodhpur,Udaipur to Jodhpur
13,Shree Devnarayan Travels,Bharat Benz A/C Seater (2+1),12:50,17:20,04h 30m,INR 550,15 Seats available,"4.0
233",https://www.redbus.in/bus-tickets/udaipur-to-jodhpur,Udaipur to Jodhpur
14,AdKalpana Travels,NON A/C Sleeper (2+1),22:00,04:54,06h 54m,INR 450,28 Seats available,"3.7
99",https://www.redbus.in/bus-tickets/udaipur-to-jodhpur,Udaipur to Jodhpur
15,Jakhar Travels,A/C Seater / Sleeper (2+1),22:00,04:30,06h 30m,INR 457,34 Seats available,"3.9
259",https://www.redbus.in/bus-tickets/udaipur-to-jodhpur,Udaipur to Jodhpur
16,RSRTC - 192577,Express Non AC Seater 2+3,08:00,12:55,04h 55m,INR 229,46 Seats available,3.8,https://www.redbus.in/bus-tickets/jodhpur-to-ajmer,Jodhpur to Ajmer
17,RSRTC - 186250,Super Luxury Volvo AC Seater Pushback 2+2,09:16,13:20,04h 04m,INR 460,37 Seats available,"4.8
22",https://www.redbus.in/bus-tickets/jodhpur-to-ajmer,Jodhpur to Ajmer
18,RSRTC - 174461,Express Non AC Seater 2+3,09:30,14:15,04h 45m,INR 229,42 Seats available,3.8,https://www.redbus.in/bus-tickets/jodhpur-to-ajmer,Jodhpur to Ajmer
19,RSRTC - 179321,Express Non AC Seater 2+3,10:00,14:30,04h 30m,INR 229,42 Seats available,3.8,https://www.redbus.in/bus-tickets/jodhpur-to-ajmer,Jodhpur to Ajmer
20,RSRTC - 193432,Express Non AC Seater 2+3,10:00,15:45,05h 45m,INR 226,42 Seats available,3.8,https://www.redbus.in/bus-tickets/jodhpur-to-ajmer,Jodhpur to Ajmer
21,RSRTC - 179320,Express Non AC Seater 2+3,10:15,14:40,04h 25m,INR 229,42 Seats available,3.8,https://www.redbus.in/bus-tickets/jodhpur-to-ajmer,Jodhpur to Ajmer
22,RSRTC - 164138,Express Non AC Seater 2+3,10:30,15:00,04h 30m,INR 229,42 Seats available,3.8,https://www.redbus.in/bus-tickets/jodhpur-to-ajmer,Jodhpur to Ajmer
23,RSRTC - 177048,Semi Deluxe Non AC Seater 2+2,10:45,15:50,05h 05m,INR 250,34 Seats available,3.8,https://www.redbus.in/bus-tickets/jodhpur-to-ajmer,Jodhpur to Ajmer
24,RSRTC - 182944,Express Non AC Seater 2+3,11:15,15:50,04h 35m,INR 229,42 Seats available,3.8,https://www.redbus.in/bus-tickets/jodhpur-to-ajmer,Jodhpur to Ajmer
25,RSRTC - 187798,Super Luxury Volvo AC Seater Pushback 2+2,11:55,15:50,03h 55m,INR 460,37 Seats available,"4.1
33",https://www.redbus.in/bus-tickets/jodhpur-to-ajmer,Jodhpur to Ajmer
26,RSRTC - 156405,Express Non AC Seater 2+3,12:00,16:30,04h 30m,INR 229,42 Seats available,3.8,https://www.redbus.in/bus-tickets/jodhpur-to-ajmer,Jodhpur to Ajmer
27,RSRTC - 193811,Deluxe AC Seater 2+2,12:30,16:55,04h 25m,INR 404,37 Seats available,3.8,https://www.redbus.in/bus-tickets/jodhpur-to-ajmer,Jodhpur to Ajmer
28,RSRTC - 194137,Express Non AC Seater 2+3,12:35,17:15,04h 40m,INR 229,42 Seats available,3.8,https://www.redbus.in/bus-tickets/jodhpur-to-ajmer,Jodhpur to Ajmer
29,RSRTC - 157455,Super Luxury Volvo AC Seater Pushback 2+2,13:00,17:00,04h 00m,INR 460,37 Seats available,"3.9
55",https://www.redbus.in/bus-tickets/jodhpur-to-ajmer,Jodhpur to Ajmer
30,RSRTC - 190571,Express Non AC Seater 2+3,13:25,18:00,04h 35m,INR 229,42 Seats available,3.8,https://www.redbus.in/bus-tickets/jodhpur-to-ajmer,Jodhpur to Ajmer
31,V k jain travels,NON A/C Seater/ Sleeper (2+1),08:45,13:50,05h 05m,INR 330,36 Seats available,3.0,https://www.redbus.in/bus-tickets/jodhpur-to-ajmer,Jodhpur to Ajmer
32,Jain travels regd,NON AC Seater / Sleeper 2+1,11:00,15:30,04h 30m,INR 330,36 Seats available,3.1,https://www.redbus.in/bus-tickets/jodhpur-to-ajmer,Jodhpur to Ajmer
33,Jain travels regd,A/C Seater / Sleeper (2+1),14:00,18:00,04h 00m,INR 430,40 Seats available,"3.1
7",https://www.redbus.in/bus-tickets/jodhpur-to-ajmer,Jodhpur to Ajmer
34,M R Travels,A/C Seater / Sleeper (2+1),14:30,19:15,04h 45m,INR 605,38 Seats available,3.7,https://www.redbus.in/bus-tickets/jodhpur-to-ajmer,Jodhpur to Ajmer
35,M R Travels,A/C Seater / Sleeper (2+1),15:30,20:00,04h 30m,INR 500,35 Seats available,3.7,https://www.redbus.in/bus-tickets/jodhpur-to-ajmer,Jodhpur to Ajmer
36,RSRTC - 166423,Express Non AC Seater 2+3,08:10,12:05,03h 55m,INR 211,42 Seats available,3.6,https://www.redbus.in/bus-tickets/beawer-to-jaipur,Beawar (Rajasthan) to Jaipur (Rajasthan)
37,RSRTC - 168098,Express Non AC Seater 2+3,08:25,12:30,04h 05m,INR 211,46 Seats available,3.6,https://www.redbus.in/bus-tickets/beawer-to-jaipur,Beawar (Rajasthan) to Jaipur (Rajasthan)
38,RSRTC - 184796,Express Non AC Seater 2+3,08:50,12:55,04h 05m,INR 211,46 Seats available,3.6,https://www.redbus.in/bus-tickets/beawer-to-jaipur,Beawar (Rajasthan) to Jaipur (Rajasthan)
39,RSRTC - 193667,Express Non AC Seater 2+3,09:05,13:30,04h 25m,INR 211,42 Seats available,3.6,https://www.redbus.in/bus-tickets/beawer-to-jaipur,Beawar (Rajasthan) to Jaipur (Rajasthan)
40,RSRTC - 146314,Super Luxury Volvo AC Seater Pushback 2+2,09:15,12:30,03h 15m,INR 424,20 Seats available,"3.5
34",https://www.redbus.in/bus-tickets/beawer-to-jaipur,Beawar (Rajasthan) to Jaipur (Rajasthan)
41,RSRTC - 169914,Express Non AC Seater 2+3,09:25,13:30,04h 05m,INR 211,42 Seats available,3.6,https://www.redbus.in/bus-tickets/beawer-to-jaipur,Beawar (Rajasthan) to Jaipur (Rajasthan)
42,RSRTC - 166417,Express Non AC Seater 2+3,09:30,13:35,04h 05m,INR 211,42 Seats available,3.6,https://www.redbus.in/bus-tickets/beawer-to-jaipur,Beawar (Rajasthan) to Jaipur (Rajasthan)
43,RSRTC - 168094,Express Non AC Seater 2+3,09:40,13:40,04h 00m,INR 211,46 Seats available,3.6,https://www.redbus.in/bus-tickets/beawer-to-jaipur,Beawar (Rajasthan) to Jaipur (Rajasthan)
44,RSRTC - 166468,Express Non AC Seater 2+3,10:00,14:00,04h 00m,INR 211,46 Seats available,3.6,https://www.redbus.in/bus-tickets/beawer-to-jaipur,Beawar (Rajasthan) to Jaipur (Rajasthan)
45,RSRTC - 185141,Super Luxury Volvo AC Seater Pushback 2+2,10:15,13:30,03h 15m,INR 424,25 Seats available,"2.9
24",https://www.redbus.in/bus-tickets/beawer-to-jaipur,Beawar (Rajasthan) to Jaipur (Rajasthan)
46,RSRTC - 190506,Express Non AC Seater 2+3,10:25,14:50,04h 25m,INR 211,42 Seats available,3.6,https://www.redbus.in/bus-tickets/beawer-to-jaipur,Beawar (Rajasthan) to Jaipur (Rajasthan)
47,RSRTC - 190552,Express Non AC Seater 2+3,10:30,15:25,04h 55m,INR 211,42 Seats available,3.6,https://www.redbus.in/bus-tickets/beawer-to-jaipur,Beawar (Rajasthan) to Jaipur (Rajasthan)
48,RSRTC - 193343,Semi Deluxe Non AC Seater 2+2,10:45,14:45,04h 00m,INR 230,35 Seats available,3.6,https://www.redbus.in/bus-tickets/beawer-to-jaipur,Beawar (Rajasthan) to Jaipur (Rajasthan)
49,RSRTC - 172902,Express Non AC Seater 2+3,11:00,15:05,04h 05m,INR 211,41 Seats available,3.6,https://www.redbus.in/bus-tickets/beawer-to-jaipur,Beawar (Rajasthan) to Jaipur (Rajasthan)
50,RSRTC - 193585,Express Non AC Seater 2+3,11:05,15:45,04h 40m,INR 211,42 Seats available,3.6,https://www.redbus.in/bus-tickets/beawer-to-jaipur,Beawar (Rajasthan) to Jaipur (Rajasthan)
51,CHANDRA RAJ TRAVELS,NON AC Seater / Sleeper 2+1,11:25,14:45,03h 20m,INR 300,38 Seats available,3.3,https://www.redbus.in/bus-tickets/beawer-to-jaipur,Beawar (Rajasthan) to Jaipur (Rajasthan)
52,V k jain travels,NON A/C Seater/ Sleeper (2+1),12:35,17:01,04h 26m,INR 350,36 Seats available,3.0,https://www.redbus.in/bus-tickets/beawer-to-jaipur,Beawar (Rajasthan) to Jaipur (Rajasthan)
53,Jain travels regd,NON AC Seater / Sleeper 2+1,14:40,18:30,03h 50m,INR 300,35 Seats available,"3.5
4",https://www.redbus.in/bus-tickets/beawer-to-jaipur,Beawar (Rajasthan) to Jaipur (Rajasthan)
54,Jain travels regd,A/C Seater / Sleeper (2+1),17:20,20:45,03h 25m,INR 300,40 Seats available,3.5,https://www.redbus.in/bus-tickets/beawer-to-jaipur,Beawar (Rajasthan) to Jaipur (Rajasthan)
55,Jain travels regd,NON AC Seater / Sleeper 2+1,19:30,23:00,03h 30m,INR 350,42 Seats available,3.5,https://www.redbus.in/bus-tickets/beawer-to-jaipur,Beawar (Rajasthan) to Jaipur (Rajasthan)
56,RSRTC - 179434,Express Non AC Seater 2+3,08:05,10:30,02h 25m,INR 129,42 Seats available,3.9,https://www.redbus.in/bus-tickets/sikar-to-jaipur,Sikar to Jaipur (Rajasthan)
57,RSRTC - 191918,Express Non AC Seater 2+3,08:05,10:00,01h 55m,INR 129,42 Seats available,3.9,https://www.redbus.in/bus-tickets/sikar-to-jaipur,Sikar to Jaipur (Rajasthan)
58,RSRTC - 184145,Express Non AC Seater 2+3,08:10,10:40,02h 30m,INR 129,42 Seats available,3.9,https://www.redbus.in/bus-tickets/sikar-to-jaipur,Sikar to Jaipur (Rajasthan)
59,RSRTC - 193699,Express Non AC Seater 2+3,08:32,10:45,02h 13m,INR 129,42 Seats available,3.9,https://www.redbus.in/bus-tickets/sikar-to-jaipur,Sikar to Jaipur (Rajasthan)
60,RSRTC - 188528,Express Non AC Seater 2+3,08:50,11:00,02h 10m,INR 129,42 Seats available,3.9,https://www.redbus.in/bus-tickets/sikar-to-jaipur,Sikar to Jaipur (Rajasthan)
61,RSRTC - 194071,Express Non AC Seater 2+3,08:55,11:10,02h 15m,INR 129,42 Seats available,3.9,https://www.redbus.in/bus-tickets/sikar-to-jaipur,Sikar to Jaipur (Rajasthan)
62,RSRTC - 193897,Express Non AC Seater 2+3,09:00,11:00,02h 00m,INR 129,42 Seats available,3.9,https://www.redbus.in/bus-tickets/sikar-to-jaipur,Sikar to Jaipur (Rajasthan)
63,RSRTC - 166145,Express Non AC Seater 2+3,09:00,11:45,02h 45m,INR 129,42 Seats available,3.9,https://www.redbus.in/bus-tickets/sikar-to-jaipur,Sikar to Jaipur (Rajasthan)
64,RSRTC - 175129,Express Non AC Seater 2+3,09:00,10:50,01h 50m,INR 129,42 Seats available,3.9,https://www.redbus.in/bus-tickets/sikar-to-jaipur,Sikar to Jaipur (Rajasthan)
65,RSRTC - 191327,Super Luxury Volvo AC Seater Pushback 2+2,09:15,11:00,01h 45m,INR 213,18 Seats available,"3.6
61",https://www.redbus.in/bus-tickets/sikar-to-jaipur,Sikar to Jaipur (Rajasthan)
66,RSRTC - 177488,Express Non AC Seater 2+3,09:30,12:00,02h 30m,INR 129,42 Seats available,3.9,https://www.redbus.in/bus-tickets/sikar-to-jaipur,Sikar to Jaipur (Rajasthan)
67,RSRTC - 181372,Express Non AC Seater 2+3,09:35,11:50,02h 15m,INR 129,42 Seats available,3.9,https://www.redbus.in/bus-tickets/sikar-to-jaipur,Sikar to Jaipur (Rajasthan)
68,RSRTC - 193299,Super Luxury Volvo AC Seater Pushback 2+2,09:40,12:00,02h 20m,INR 255,19 Seats available,"4.4
11",https://www.redbus.in/bus-tickets/sikar-to-jaipur,Sikar to Jaipur (Rajasthan)
69,RSRTC - 167609,Express Non AC Seater 2+3,09:45,12:00,02h 15m,INR 129,42 Seats available,3.9,https://www.redbus.in/bus-tickets/sikar-to-jaipur,Sikar to Jaipur (Rajasthan)
70,RSRTC - 194077,Express Non AC Seater 2+3,09:55,12:10,02h 15m,INR 129,42 Seats available,3.9,https://www.redbus.in/bus-tickets/sikar-to-jaipur,Sikar to Jaipur (Rajasthan)
71,Vijay Tour and Travels,Bharat Benz A/C Seater (2+2),09:40,12:00,02h 20m,278,45 Seats available,3.5,https://www.redbus.in/bus-tickets/sikar-to-jaipur,Sikar to Jaipur (Rajasthan)
72,Garhwal Travels,AC Seater (2+2),12:53,15:15,02h 22m,INR 190.48,45 Seats available,3.1,https://www.redbus.in/bus-tickets/sikar-to-jaipur,Sikar to Jaipur (Rajasthan)
73,Salasar Darshan Travels,Non AC Seater (2+3),14:20,16:30,02h 10m,INR 150,56 Seats available,4.7,https://www.redbus.in/bus-tickets/sikar-to-jaipur,Sikar to Jaipur (Rajasthan)
74,Salasar Darshan Travels,Non AC Seater (2+3),16:50,19:10,02h 20m,INR 150,56 Seats available,4.7,https://www.redbus.in/bus-tickets/sikar-to-jaipur,Sikar to Jaipur (Rajasthan)
75,Vijay Tour and Travels,Bharat Benz A/C Seater /Sleeper (2+1),18:45,21:40,02h 55m,324,38 Seats available,3.5,https://www.redbus.in/bus-tickets/sikar-to-jaipur,Sikar to Jaipur (Rajasthan)
76,RSRTC - 156404,Express Non AC Seater 2+3,08:05,15:45,07h 40m,INR 363,42 Seats available,3.2,https://www.redbus.in/bus-tickets/jaipur-to-jodhpur,Jaipur (Rajasthan) to Jodhpur
77,RSRTC - 142360,Super Luxury Volvo AC Seater Pushback 2+2,08:30,14:45,06h 15m,INR 740,17 Seats available,"3.3
30",https://www.redbus.in/bus-tickets/jaipur-to-jodhpur,Jaipur (Rajasthan) to Jodhpur
78,RSRTC - 163995,Express Non AC Seater 2+3,08:30,16:10,07h 40m,INR 363,42 Seats available,3.2,https://www.redbus.in/bus-tickets/jaipur-to-jodhpur,Jaipur (Rajasthan) to Jodhpur
79,RSRTC - 174473,Express Non AC Seater 2+3,08:50,16:30,07h 40m,INR 363,42 Seats available,3.2,https://www.redbus.in/bus-tickets/jaipur-to-jodhpur,Jaipur (Rajasthan) to Jodhpur
80,RSRTC - 186234,Super Luxury Volvo AC Seater Pushback 2+2,09:30,16:00,06h 30m,INR 740,34 Seats available,"3.9
23",https://www.redbus.in/bus-tickets/jaipur-to-jodhpur,Jaipur (Rajasthan) to Jodhpur
81,RSRTC - 186237,Super Luxury Volvo AC Seater Pushback 2+2,10:30,16:45,06h 15m,INR 740,37 Seats available,"3.1
45",https://www.redbus.in/bus-tickets/jaipur-to-jodhpur,Jaipur (Rajasthan) to Jodhpur
82,RSRTC - 183071,Express Non AC Seater 2+3,11:11,18:50,07h 39m,INR 363,42 Seats available,3.2,https://www.redbus.in/bus-tickets/jaipur-to-jodhpur,Jaipur (Rajasthan) to Jodhpur
83,RSRTC - 193243,Semi Deluxe Non AC Seater 2+2,11:45,00:00,12h 15m,INR 396,35 Seats available,3.2,https://www.redbus.in/bus-tickets/jaipur-to-jodhpur,Jaipur (Rajasthan) to Jodhpur
84,RSRTC - 156586,Super Luxury Volvo AC Seater Pushback 2+2,12:30,18:45,06h 15m,INR 740,37 Seats available,"2.6
58",https://www.redbus.in/bus-tickets/jaipur-to-jodhpur,Jaipur (Rajasthan) to Jodhpur
85,RSRTC - 192563,Semi Deluxe Non AC Seater 2+2,13:20,21:00,07h 40m,INR 396,35 Seats available,3.2,https://www.redbus.in/bus-tickets/jaipur-to-jodhpur,Jaipur (Rajasthan) to Jodhpur
86,Gajraj Travels,A/C Sleeper (2+1),22:15,05:35,07h 20m,INR 600,22 Seats available,"4.5
457",https://www.redbus.in/bus-tickets/jaipur-to-jodhpur,Jaipur (Rajasthan) to Jodhpur
87,Jain travels regd,A/C Seater / Sleeper (2+1),22:30,05:05,06h 35m,INR 500,31 Seats available,"4.4
511",https://www.redbus.in/bus-tickets/jaipur-to-jodhpur,Jaipur (Rajasthan) to Jodhpur
88,M R Travels,A/C Seater / Sleeper (2+1),22:30,05:30,07h 00m,INR 500,31 Seats available,"4.4
344",https://www.redbus.in/bus-tickets/jaipur-to-jodhpur,Jaipur (Rajasthan) to Jodhpur
89,Jain travels regd,A/C Seater / Sleeper (2+1),23:00,06:00,07h 00m,INR 450,34 Seats available,"4.2
255",https://www.redbus.in/bus-tickets/jaipur-to-jodhpur,Jaipur (Rajasthan) to Jodhpur
90,Jain travels regd,NON AC Seater / Sleeper 2+1,21:45,05:00,07h 15m,INR 350,32 Seats available,"3.9
82",https://www.redbus.in/bus-tickets/jaipur-to-jodhpur,Jaipur (Rajasthan) to Jodhpur
91,UPSRTC - BSR0033,Ordinary Non AC Seater 2+3,08:45,17:00,08h 15m,INR 361,52 Seats available,3.3,https://www.redbus.in/bus-tickets/aligarh-uttar-pradesh-to-jaipur,Aligarh (uttar pradesh) to Jaipur (Rajasthan)
92,UPSRTC - BDV0128,Ordinary Non AC Seater 2+3,11:39,20:55,09h 16m,INR 361,52 Seats available,3.3,https://www.redbus.in/bus-tickets/aligarh-uttar-pradesh-to-jaipur,Aligarh (uttar pradesh) to Jaipur (Rajasthan)
93,UPSRTC - BDV0146,Ordinary Non AC Seater 2+3,17:29,02:20,08h 51m,INR 361,52 Seats available,3.3,https://www.redbus.in/bus-tickets/aligarh-uttar-pradesh-to-jaipur,Aligarh (uttar pradesh) to Jaipur (Rajasthan)
94,UPSRTC - BDV0042,Ordinary Non AC Seater 2+3,17:30,01:01,07h 31m,INR 361,52 Seats available,3.3,https://www.redbus.in/bus-tickets/aligarh-uttar-pradesh-to-jaipur,Aligarh (uttar pradesh) to Jaipur (Rajasthan)
95,,,,,,,,,https://www.redbus.in/bus-tickets/aligarh-uttar-pradesh-to-jaipur,Aligarh (uttar pradesh) to Jaipur (Rajasthan)
96,,,,,,,,,https://www.redbus.in/bus-tickets/aligarh-uttar-pradesh-to-jaipur,Aligarh (uttar pradesh) to Jaipur (Rajasthan)
97,,,,,,,,,https://www.redbus.in/bus-tickets/aligarh-uttar-pradesh-to-jaipur,Aligarh (uttar pradesh) to Jaipur (Rajasthan)
98,,,,,,,,,https://www.redbus.in/bus-tickets/aligarh-uttar-pradesh-to-jaipur,Aligarh (uttar pradesh) to Jaipur (Rajasthan)
99,,,,,,,,,https://www.redbus.in/bus-tickets/aligarh-uttar-pradesh-to-jaipur,Aligarh (uttar pradesh) to Jaipur (Rajasthan)
100,,,,,,,,,https://www.redbus.in/bus-tickets/aligarh-uttar-pradesh-to-jaipur,Aligarh (uttar pradesh) to Jaipur (Rajasthan)
101,RSRTC - 183714,Express Non AC Seater 2+3,08:50,16:30,07h 40m,INR 369,44 Seats available,"2.0
14",https://www.redbus.in/bus-tickets/jaipur-to-aligarh-uttar-pradesh,Jaipur (Rajasthan) to Aligarh (uttar pradesh)
102,RSRTC - 190202,Express Non AC Seater 2+3,21:50,05:00,07h 10m,INR 369,42 Seats available,"3.7
9",https://www.redbus.in/bus-tickets/jaipur-to-aligarh-uttar-pradesh,Jaipur (Rajasthan) to Aligarh (uttar pradesh)
103,RSRTC - 193797,NON AC Seater / Sleeper 2+1,22:01,04:30,06h 29m,INR 463,35 Seats available,"3.0
8",https://www.redbus.in/bus-tickets/jaipur-to-aligarh-uttar-pradesh,Jaipur (Rajasthan) to Aligarh (uttar pradesh)
104,RSRTC - 189082,,23:00,06:00,07h 00m,INR 570,22 Seats available,4.3,https://www.redbus.in/bus-tickets/jaipur-to-aligarh-uttar-pradesh,Jaipur (Rajasthan) to Aligarh (uttar pradesh)
105,,,,,,,,,https://www.redbus.in/bus-tickets/jaipur-to-aligarh-uttar-pradesh,Jaipur (Rajasthan) to Aligarh (uttar pradesh)
106,,,,,,,,,https://www.redbus.in/bus-tickets/jaipur-to-aligarh-uttar-pradesh,Jaipur (Rajasthan) to Aligarh (uttar pradesh)
107,,,,,,,,,https://www.redbus.in/bus-tickets/jaipur-to-aligarh-uttar-pradesh,Jaipur (Rajasthan) to Aligarh (uttar pradesh)
108,,,,,,,,,https://www.redbus.in/bus-tickets/jaipur-to-aligarh-uttar-pradesh,Jaipur (Rajasthan) to Aligarh (uttar pradesh)
109,,,,,,,,,https://www.redbus.in/bus-tickets/jaipur-to-aligarh-uttar-pradesh,Jaipur (Rajasthan) to Aligarh (uttar pradesh)
110,RSRTC - 186250,Super Luxury Volvo AC Seater Pushback 2+2,09:16,12:10,02h 54m,INR 339,34 Seats available,"4.4
7",https://www.redbus.in/bus-tickets/jodhpur-to-beawer,Jodhpur to Beawar (Rajasthan)
111,RSRTC - 174461,Express Non AC Seater 2+3,09:30,12:45,03h 15m,INR 167,42 Seats available,3.7,https://www.redbus.in/bus-tickets/jodhpur-to-beawer,Jodhpur to Beawar (Rajasthan)
112,RSRTC - 179321,Express Non AC Seater 2+3,10:00,13:20,03h 20m,INR 167,42 Seats available,3.7,https://www.redbus.in/bus-tickets/jodhpur-to-beawer,Jodhpur to Beawar (Rajasthan)
113,,,,,,,,,https://www.redbus.in/bus-tickets/jodhpur-to-beawer,Jodhpur to Beawar (Rajasthan)
114,,,,,,,,,https://www.redbus.in/bus-tickets/jodhpur-to-beawer,Jodhpur to Beawar (Rajasthan)
115,,,,,,,,,https://www.redbus.in/bus-tickets/jodhpur-to-beawer,Jodhpur to Beawar (Rajasthan)
116,,,,,,,,,https://www.redbus.in/bus-tickets/jodhpur-to-beawer,Jodhpur to Beawar (Rajasthan)
117,,,,,,,,,https://www.redbus.in/bus-tickets/jodhpur-to-beawer,Jodhpur to Beawar (Rajasthan)
118,,,,,,,,,https://www.redbus.in/bus-tickets/jodhpur-to-beawer,Jodhpur to Beawar (Rajasthan)
119,,,,,,,,,https://www.redbus.in/bus-tickets/jodhpur-to-beawer,Jodhpur to Beawar (Rajasthan)
120,RSRTC - 168754,Express Non AC Seater 2+3,09:45,15:45,06h 00m,INR 263,42 Seats available,4.0,https://www.redbus.in/bus-tickets/jaipur-to-pilani,Jaipur (Rajasthan) to Pilani
121,RSRTC - 168784,Express Non AC Seater 2+3,11:00,17:00,06h 00m,INR 263,42 Seats available,4.0,https://www.redbus.in/bus-tickets/jaipur-to-pilani,Jaipur (Rajasthan) to Pilani
122,RSRTC - 193896,Express Non AC Seater 2+3,14:15,19:30,05h 15m,INR 263,42 Seats available,4.0,https://www.redbus.in/bus-tickets/jaipur-to-pilani,Jaipur (Rajasthan) to Pilani
123,RSRTC - 168828,Express Non AC Seater 2+3,15:45,21:40,05h 55m,INR 263,42 Seats available,4.0,https://www.redbus.in/bus-tickets/jaipur-to-pilani,Jaipur (Rajasthan) to Pilani
124,,,,,,,,,https://www.redbus.in/bus-tickets/jaipur-to-pilani,Jaipur (Rajasthan) to Pilani
125,,,,,,,,,https://www.redbus.in/bus-tickets/jaipur-to-pilani,Jaipur (Rajasthan) to Pilani
126,,,,,,,,,https://www.redbus.in/bus-tickets/jaipur-to-pilani,Jaipur (Rajasthan) to Pilani
127,,,,,,,,,https://www.redbus.in/bus-tickets/jaipur-to-pilani,Jaipur (Rajasthan) to Pilani
128,,,,,,,,,https://www.redbus.in/bus-tickets/jaipur-to-pilani,Jaipur (Rajasthan) to Pilani
129,,,,,,,,,https://www.redbus.in/bus-tickets/jaipur-to-pilani,Jaipur (Rajasthan) to Pilani
130,RSRTC - 184744,Express Non AC Seater 2+3,08:30,10:30,02h 00m,INR 120,46 Seats available,3.2,https://www.redbus.in/bus-tickets/kishangarh-to-jaipur,Kishangarh to Jaipur (Rajasthan)
131,RSRTC - 166441,Express Non AC Seater 2+3,08:55,10:50,01h 55m,INR 120,46 Seats available,3.2,https://www.redbus.in/bus-tickets/kishangarh-to-jaipur,Kishangarh to Jaipur (Rajasthan)
132,RSRTC - 170895,Super Luxury Volvo AC Seater Pushback 2+2,09:00,10:30,01h 30m,INR 239,19 Seats available,"3.1
32",https://www.redbus.in/bus-tickets/kishangarh-to-jaipur,Kishangarh to Jaipur (Rajasthan)
133,,,,,,,,,https://www.redbus.in/bus-tickets/kishangarh-to-jaipur,Kishangarh to Jaipur (Rajasthan)
134,,,,,,,,,https://www.redbus.in/bus-tickets/kishangarh-to-jaipur,Kishangarh to Jaipur (Rajasthan)
135,,,,,,,,,https://www.redbus.in/bus-tickets/kishangarh-to-jaipur,Kishangarh to Jaipur (Rajasthan)
136,,,,,,,,,https://www.redbus.in/bus-tickets/kishangarh-to-jaipur,Kishangarh to Jaipur (Rajasthan)
137,,,,,,,,,https://www.redbus.in/bus-tickets/kishangarh-to-jaipur,Kishangarh to Jaipur (Rajasthan)
138,,,,,,,,,https://www.redbus.in/bus-tickets/kishangarh-to-jaipur,Kishangarh to Jaipur (Rajasthan)
139,,,,,,,,,https://www.redbus.in/bus-tickets/kishangarh-to-jaipur,Kishangarh to Jaipur (Rajasthan)
140,RSRTC - 184952,Express Non AC Seater 2+3,09:20,14:30,05h 10m,INR 212,42 Seats available,4.0,https://www.redbus.in/bus-tickets/pali-to-udaipur,Pali (Rajasthan) to Udaipur
141,RSRTC - 184042,Express Non AC Seater 2+3,10:20,14:45,04h 25m,INR 212,42 Seats available,4.0,https://www.redbus.in/bus-tickets/pali-to-udaipur,Pali (Rajasthan) to Udaipur
142,RSRTC - 174531,Express Non AC Seater 2+3,13:00,18:30,05h 30m,INR 212,42 Seats available,4.0,https://www.redbus.in/bus-tickets/pali-to-udaipur,Pali (Rajasthan) to Udaipur
143,,,,,,,,,https://www.redbus.in/bus-tickets/pali-to-udaipur,Pali (Rajasthan) to Udaipur
144,,,,,,,,,https://www.redbus.in/bus-tickets/pali-to-udaipur,Pali (Rajasthan) to Udaipur
145,,,,,,,,,https://www.redbus.in/bus-tickets/pali-to-udaipur,Pali (Rajasthan) to Udaipur
146,,,,,,,,,https://www.redbus.in/bus-tickets/pali-to-udaipur,Pali (Rajasthan) to Udaipur
147,,,,,,,,,https://www.redbus.in/bus-tickets/pali-to-udaipur,Pali (Rajasthan) to Udaipur
148,,,,,,,,,https://www.redbus.in/bus-tickets/pali-to-udaipur,Pali (Rajasthan) to Udaipur
149,,,,,,,,,https://www.redbus.in/bus-tickets/pali-to-udaipur,Pali (Rajasthan) to Udaipur
150,RSRTC - 174533,Express Non AC Seater 2+3,08:45,13:45,05h 00m,INR 212,42 Seats available,"1.9
5",https://www.redbus.in/bus-tickets/udaipur-to-pali-rajasthan,Udaipur to Pali (Rajasthan)
151,RSRTC - 188347,Super Luxury Volvo AC Seater Pushback 2+2,11:30,14:50,03h 20m,INR 438,14 Seats available,"4.4
39",https://www.redbus.in/bus-tickets/udaipur-to-pali-rajasthan,Udaipur to Pali (Rajasthan)
152,RSRTC - 190115,Express Non AC Seater 2+3,12:00,17:15,05h 15m,INR 212,42 Seats available,4.2,https://www.redbus.in/bus-tickets/udaipur-to-pali-rajasthan,Udaipur to Pali (Rajasthan)
153,RSRTC - 169076,Express Non AC Seater 2+3,12:10,17:15,05h 05m,INR 212,42 Seats available,4.2,https://www.redbus.in/bus-tickets/udaipur-to-pali-rajasthan,Udaipur to Pali (Rajasthan)
154,RSRTC - 184043,Express Non AC Seater 2+3,12:45,17:00,04h 15m,INR 212,42 Seats available,4.2,https://www.redbus.in/bus-tickets/udaipur-to-pali-rajasthan,Udaipur to Pali (Rajasthan)
155,RSRTC - 183203,Express Non AC Seater 2+3,13:30,18:15,04h 45m,INR 212,42 Seats available,4.2,https://www.redbus.in/bus-tickets/udaipur-to-pali-rajasthan,Udaipur to Pali (Rajasthan)
156,RSRTC - 183141,Express Non AC Seater 2+3,14:35,19:20,04h 45m,INR 209,42 Seats available,4.2,https://www.redbus.in/bus-tickets/udaipur-to-pali-rajasthan,Udaipur to Pali (Rajasthan)
157,RSRTC - 157454,Super Luxury Volvo AC Seater Pushback 2+2,16:00,19:30,03h 30m,INR 438,16 Seats available,"4.4
70",https://www.redbus.in/bus-tickets/udaipur-to-pali-rajasthan,Udaipur to Pali (Rajasthan)
158,RSRTC - 193271,Express Non AC Seater 2+3,19:30,00:15,04h 45m,INR 212,42 Seats available,4.2,https://www.redbus.in/bus-tickets/udaipur-to-pali-rajasthan,Udaipur to Pali (Rajasthan)
159,RSRTC - 189622,Express Non AC Seater 2+3,22:00,02:25,04h 25m,INR 212,42 Seats available,4.2,https://www.redbus.in/bus-tickets/udaipur-to-pali-rajasthan,Udaipur to Pali (Rajasthan)
160,Jain Travels Regd Udaipur,NON AC Seater / Sleeper 2+1,07:45,12:10,04h 25m,INR 300,44 Seats available,3.1,https://www.redbus.in/bus-tickets/udaipur-to-pali-rajasthan,Udaipur to Pali (Rajasthan)
161,Shree Devnarayan Travels,Bharat Benz A/C Seater (2+1),12:50,16:25,03h 35m,INR 550,15 Seats available,"4.7
10",https://www.redbus.in/bus-tickets/udaipur-to-pali-rajasthan,Udaipur to Pali (Rajasthan)
162,Jain travels regd,A/C Seater / Sleeper (2+1),13:45,18:25,04h 40m,INR 450,40 Seats available,"3.8
4",https://www.redbus.in/bus-tickets/udaipur-to-pali-rajasthan,Udaipur to Pali (Rajasthan)
163,Jain travels regd,NON AC Seater / Sleeper 2+1,16:00,20:40,04h 40m,INR 300,49 Seats available,"4.1
12",https://www.redbus.in/bus-tickets/udaipur-to-pali-rajasthan,Udaipur to Pali (Rajasthan)
164,Shree Devnarayan Travels,Bharat Benz A/C Seater (2+1),17:00,20:35,03h 35m,INR 550,19 Seats available,"4.7
9",https://www.redbus.in/bus-tickets/udaipur-to-pali-rajasthan,Udaipur to Pali (Rajasthan)
165,RSRTC - 193190,Express Non AC Seater 2+3,09:20,17:30,08h 10m,INR 340,42 Seats available,3.5,https://www.redbus.in/bus-tickets/kota-rajasthan-to-udaipur,Kota(Rajasthan) to Udaipur
166,RSRTC - 166880,Express Non AC Seater 2+3,12:45,19:15,06h 30m,INR 306,40 Seats available,"2.6
6",https://www.redbus.in/bus-tickets/kota-rajasthan-to-udaipur,Kota(Rajasthan) to Udaipur
167,RSRTC - 159864,NON AC Seater / Sleeper 2+1,15:15,22:00,06h 45m,INR 380,3 Seats available,"4.3
35",https://www.redbus.in/bus-tickets/kota-rajasthan-to-udaipur,Kota(Rajasthan) to Udaipur
168,Paras Travels,A/C Seater / Sleeper (2+1),22:30,05:00,06h 30m,362,5 Seats available,"3.8
288",https://www.redbus.in/bus-tickets/kota-rajasthan-to-udaipur,Kota(Rajasthan) to Udaipur
169,Jai Shrinath Ji Ki Travels,Non A/C Seater / Sleeper (2+1),22:00,05:00,07h 00m,INR 350,19 Seats available,"3.7
200",https://www.redbus.in/bus-tickets/kota-rajasthan-to-udaipur,Kota(Rajasthan) to Udaipur
170,Babu Travels,NON A/C Sleeper (2+1),22:30,05:15,06h 45m,INR 450,17 Seats available,"3.8
118",https://www.redbus.in/bus-tickets/kota-rajasthan-to-udaipur,Kota(Rajasthan) to Udaipur
171,Radhey Travels,Non A/C Seater / Sleeper (2+1),22:45,05:30,06h 45m,INR 350,24 Seats available,"3.8
95",https://www.redbus.in/bus-tickets/kota-rajasthan-to-udaipur,Kota(Rajasthan) to Udaipur
172,Shre Ganesh Travels,Bharat Benz A/C Seater /Sleeper (2+1),18:00,22:30,04h 30m,INR 500,18 Seats available,"3.2
77",https://www.redbus.in/bus-tickets/kota-rajasthan-to-udaipur,Kota(Rajasthan) to Udaipur
173,M R Travels,A/C Seater / Sleeper (2+1),22:50,05:15,06h 25m,INR 400,11 Seats available,"2.9
217",https://www.redbus.in/bus-tickets/kota-rajasthan-to-udaipur,Kota(Rajasthan) to Udaipur
174,Jakhar Travels,NON A/C Seater/ Sleeper (2+1),22:00,05:00,07h 00m,INR 333,10 Seats available,"3.6
117",https://www.redbus.in/bus-tickets/kota-rajasthan-to-udaipur,Kota(Rajasthan) to Udaipur
175,Navrang Travels,A/C Seater / Sleeper (2+1),20:25,01:50,05h 25m,333,34 Seats available,"3.3
26",https://www.redbus.in/bus-tickets/kota-rajasthan-to-udaipur,Kota(Rajasthan) to Udaipur
176,Samreen Travels,AC Sleeper (2+1),21:00,02:00,05h 00m,INR 800,21 Seats available,"4.7
5",https://www.redbus.in/bus-tickets/kota-rajasthan-to-udaipur,Kota(Rajasthan) to Udaipur
177,Siddhivinayak Travels,A/C Seater / Sleeper (2+1),16:35,22:20,05h 45m,INR 477,15 Seats available,"2.4
29",https://www.redbus.in/bus-tickets/kota-rajasthan-to-udaipur,Kota(Rajasthan) to Udaipur
178,RSRTC - 176887,Express Non AC Seater 2+3,08:15,16:55,08h 40m,INR 274,42 Seats available,3.8,https://www.redbus.in/bus-tickets/jaipur-to-bhilwara,Jaipur (Rajasthan) to Bhilwara
179,RSRTC - 184019,Express Non AC Seater 2+3,08:30,13:30,05h 00m,INR 268,41 Seats available,3.8,https://www.redbus.in/bus-tickets/jaipur-to-bhilwara,Jaipur (Rajasthan) to Bhilwara
180,RSRTC - 150128,Express Non AC Seater 2+3,08:45,16:00,07h 15m,INR 268,42 Seats available,3.8,https://www.redbus.in/bus-tickets/jaipur-to-bhilwara,Jaipur (Rajasthan) to Bhilwara
181,RSRTC - 194185,Express Non AC Seater 2+3,08:55,14:55,06h 00m,INR 290,42 Seats available,3.8,https://www.redbus.in/bus-tickets/jaipur-to-bhilwara,Jaipur (Rajasthan) to Bhilwara
182,RSRTC - 192798,Express Non AC Seater 2+3,09:30,14:30,05h 00m,INR 268,42 Seats available,3.8,https://www.redbus.in/bus-tickets/jaipur-to-bhilwara,Jaipur (Rajasthan) to Bhilwara
183,RSRTC - 149052,Express Non AC Seater 2+3,10:00,17:30,07h 30m,INR 265,42 Seats available,3.8,https://www.redbus.in/bus-tickets/jaipur-to-bhilwara,Jaipur (Rajasthan) to Bhilwara
184,RSRTC - 171502,Express Non AC Seater 2+3,10:30,18:03,07h 33m,INR 265,42 Seats available,3.8,https://www.redbus.in/bus-tickets/jaipur-to-bhilwara,Jaipur (Rajasthan) to Bhilwara
185,RSRTC - 144680,Super Luxury Volvo AC Seater Pushback 2+2,11:00,16:20,05h 20m,INR 585,14 Seats available,"3.9
65",https://www.redbus.in/bus-tickets/jaipur-to-bhilwara,Jaipur (Rajasthan) to Bhilwara
186,RSRTC - 163943,Express Non AC Seater 2+3,11:15,17:45,06h 30m,INR 265,42 Seats available,3.8,https://www.redbus.in/bus-tickets/jaipur-to-bhilwara,Jaipur (Rajasthan) to Bhilwara
187,RSRTC - 192294,Semi Deluxe Non AC Seater 2+2,11:45,17:30,05h 45m,INR 292,35 Seats available,3.8,https://www.redbus.in/bus-tickets/jaipur-to-bhilwara,Jaipur (Rajasthan) to Bhilwara
188,RSRTC - 159772,Express Non AC Seater 2+3,12:15,19:15,07h 00m,INR 265,42 Seats available,3.8,https://www.redbus.in/bus-tickets/jaipur-to-bhilwara,Jaipur (Rajasthan) to Bhilwara
189,RSRTC - 191654,Express Non AC Seater 2+3,12:30,17:15,04h 45m,INR 272,42 Seats available,3.8,https://www.redbus.in/bus-tickets/jaipur-to-bhilwara,Jaipur (Rajasthan) to Bhilwara
190,RSRTC - 192846,Express Non AC Seater 2+3,13:00,18:00,05h 00m,INR 268,42 Seats available,3.8,https://www.redbus.in/bus-tickets/jaipur-to-bhilwara,Jaipur (Rajasthan) to Bhilwara
191,RSRTC - 163262,Express Non AC Seater 2+3,13:15,19:45,06h 30m,INR 265,42 Seats available,3.8,https://www.redbus.in/bus-tickets/jaipur-to-bhilwara,Jaipur (Rajasthan) to Bhilwara
192,RSRTC - 194095,Semi Deluxe Non AC Seater 2+2,13:30,18:30,05h 00m,INR 292,35 Seats available,3.8,https://www.redbus.in/bus-tickets/jaipur-to-bhilwara,Jaipur (Rajasthan) to Bhilwara
193,Shrinath® Travel Agency Pvt. Ltd.,A/C Sleeper (2+1),17:30,22:20,04h 50m,463,35 Seats available,"3.6
67",https://www.redbus.in/bus-tickets/jaipur-to-bhilwara,Jaipur (Rajasthan) to Bhilwara
194,Zingbus Plus,Bharat Benz A/C Seater /Sleeper (2+1),22:55,05:05,06h 10m,461,24 Seats available,"4.6
20",https://www.redbus.in/bus-tickets/jaipur-to-bhilwara,Jaipur (Rajasthan) to Bhilwara
195,Ashok Travels Mandsaur Group,Volvo 9600 Multi-Axle A/C Sleeper (2+1),23:50,04:15,04h 25m,910,38 Seats available,"4.4
23",https://www.redbus.in/bus-tickets/jaipur-to-bhilwara,Jaipur (Rajasthan) to Bhilwara
196,Sagwan Travels,Bharat Benz A/C Seater /Sleeper (2+1),22:30,04:10,05h 40m,INR 500,9 Seats available,"4.7
10",https://www.redbus.in/bus-tickets/jaipur-to-bhilwara,Jaipur (Rajasthan) to Bhilwara
197,Sagwan Travels,A/C Seater / Sleeper (2+1),22:00,03:19,05h 19m,INR 500,35 Seats available,"4.2
12",https://www.redbus.in/bus-tickets/jaipur-to-bhilwara,Jaipur (Rajasthan) to Bhilwara
198,RSRTC - 147042,Express Non AC Seater 2+3,08:20,15:45,07h 25m,INR 291,39 Seats available,4.1,https://www.redbus.in/bus-tickets/sikar-to-bikaner,Sikar to Bikaner
199,RSRTC - 193583,Express Non AC Seater 2+3,08:35,13:10,04h 35m,INR 250,42 Seats available,4.1,https://www.redbus.in/bus-tickets/sikar-to-bikaner,Sikar to Bikaner
200,RSRTC - 173850,Express Non AC Seater 2+3,09:25,16:00,06h 35m,INR 252,42 Seats available,4.1,https://www.redbus.in/bus-tickets/sikar-to-bikaner,Sikar to Bikaner
201,,,,,,,,,https://www.redbus.in/bus-tickets/sikar-to-bikaner,Sikar to Bikaner
202,,,,,,,,,https://www.redbus.in/bus-tickets/sikar-to-bikaner,Sikar to Bikaner
203,,,,,,,,,https://www.redbus.in/bus-tickets/sikar-to-bikaner,Sikar to Bikaner
204,,,,,,,,,https://www.redbus.in/bus-tickets/sikar-to-bikaner,Sikar to Bikaner
205,,,,,,,,,https://www.redbus.in/bus-tickets/sikar-to-bikaner,Sikar to Bikaner
206,,,,,,,,,https://www.redbus.in/bus-tickets/sikar-to-bikaner,Sikar to Bikaner
207,,,,,,,,,https://www.redbus.in/bus-tickets/sikar-to-bikaner,Sikar to Bikaner
208,RSRTC - 168518,Express Non AC Seater 2+3,08:10,12:20,04h 10m,INR 205,42 Seats available,3.0,https://www.redbus.in/bus-tickets/jaipur-to-bharatpur,Jaipur (Rajasthan) to Bharatpur
209,RSRTC - 187633,Super Luxury Volvo AC Seater Pushback 2+2,08:15,12:00,03h 45m,INR 338,33 Seats available,"3.2
18",https://www.redbus.in/bus-tickets/jaipur-to-bharatpur,Jaipur (Rajasthan) to Bharatpur
210,RSRTC - 183592,Express Non AC Seater 2+3,08:30,12:30,04h 00m,INR 205,42 Seats available,3.0,https://www.redbus.in/bus-tickets/jaipur-to-bharatpur,Jaipur (Rajasthan) to Bharatpur
211,,,,,,,,,https://www.redbus.in/bus-tickets/jaipur-to-bharatpur,Jaipur (Rajasthan) to Bharatpur
212,,,,,,,,,https://www.redbus.in/bus-tickets/jaipur-to-bharatpur,Jaipur (Rajasthan) to Bharatpur
213,,,,,,,,,https://www.redbus.in/bus-tickets/jaipur-to-bharatpur,Jaipur (Rajasthan) to Bharatpur
214,,,,,,,,,https://www.redbus.in/bus-tickets/jaipur-to-bharatpur,Jaipur (Rajasthan) to Bharatpur
215,,,,,,,,,https://www.redbus.in/bus-tickets/jaipur-to-bharatpur,Jaipur (Rajasthan) to Bharatpur
216,,,,,,,,,https://www.redbus.in/bus-tickets/jaipur-to-bharatpur,Jaipur (Rajasthan) to Bharatpur
217,,,,,,,,,https://www.redbus.in/bus-tickets/jaipur-to-bharatpur,Jaipur (Rajasthan) to Bharatpur
218,RSRTC - 183714,Express Non AC Seater 2+3,08:50,14:25,05h 35m,INR 269,45 Seats available,"3.7
10",https://www.redbus.in/bus-tickets/jaipur-to-mathura,Jaipur (Rajasthan) to Mathura
219,RSRTC - 168941,Express Non AC Seater 2+3,09:45,15:50,06h 05m,INR 270,42 Seats available,"2.8
7",https://www.redbus.in/bus-tickets/jaipur-to-mathura,Jaipur (Rajasthan) to Mathura
220,RSRTC - 184103,Express Non AC Seater 2+3,13:10,18:10,05h 00m,INR 269,42 Seats available,"2.1
5",https://www.redbus.in/bus-tickets/jaipur-to-mathura,Jaipur (Rajasthan) to Mathura
221,RSRTC - 190552,Express Non AC Seater 2+3,15:30,20:25,04h 55m,INR 270,42 Seats available,"2.3
10",https://www.redbus.in/bus-tickets/jaipur-to-mathura,Jaipur (Rajasthan) to Mathura
222,,,,,,,,,https://www.redbus.in/bus-tickets/jaipur-to-mathura,Jaipur (Rajasthan) to Mathura
223,,,,,,,,,https://www.redbus.in/bus-tickets/jaipur-to-mathura,Jaipur (Rajasthan) to Mathura
224,,,,,,,,,https://www.redbus.in/bus-tickets/jaipur-to-mathura,Jaipur (Rajasthan) to Mathura
225,,,,,,,,,https://www.redbus.in/bus-tickets/jaipur-to-mathura,Jaipur (Rajasthan) to Mathura
226,,,,,,,,,https://www.redbus.in/bus-tickets/jaipur-to-mathura,Jaipur (Rajasthan) to Mathura
227,,,,,,,,,https://www.redbus.in/bus-tickets/jaipur-to-mathura,Jaipur (Rajasthan) to Mathura
